TransactionID,TransactionDate,TransactionType,Amount,Category,Description
TXN00923,2025-07-11,Cash Inflow,9405,Operating Activities,Transaction 923
TXN00090,2023-03-31,Cash Outflow,17021,Investing Activities,Transaction 90
TXN00790,2025-02-28,Cash Inflow,16577,Financing Activities,Transaction 790
TXN00703,2024-12-03,Cash Inflow,12093,Investing Activities,Transaction 703
TXN00715,2024-12-15,Cash Outflow,19620,Investing Activities,Transaction 715
TXN00253,2023-09-10,Cash Outflow,10365,Financing Activities,Transaction 253
TXN00186,2023-07-05,Cash Inflow,17116,Financing Activities,Transaction 186
TXN00358,2023-12-24,Cash Outflow,1314,Operating Activities,Transaction 358
TXN00856,2025-05-05,Cash Inflow,16633,Investing Activities,Transaction 856
TXN00355,2023-12-21,Cash Outflow,11289,Operating Activities,Transaction 355
TXN00827,2025-04-06,Cash Inflow,17570,Investing Activities,Transaction 827
TXN00720,2024-12-20,Cash Outflow,8157,Financing Activities,Transaction 720
TXN00185,2023-07-04,Cash Inflow,8758,Operating Activities,Transaction 185
TXN00328,2023-11-24,Cash Inflow,5873,Investing Activities,Transaction 328
TXN00244,2023-09-01,Cash Inflow,10265,Operating Activities,Transaction 244
TXN00686,2024-11-16,Cash Outflow,10733,Financing Activities,Transaction 686
TXN00950,2025-08-07,Cash Inflow,3889,Investing Activities,Transaction 950
TXN00263,2023-09-20,Cash Inflow,19708,Financing Activities,Transaction 263
TXN00033,2023-02-02,Cash Outflow,15658,Investing Activities,Transaction 33
TXN00322,2023-11-18,Cash Inflow,19088,Operating Activities,Transaction 322
TXN00689,2024-11-19,Cash Inflow,9630,Financing Activities,Transaction 689
TXN00006,2023-01-06,Cash Outflow,17808,Investing Activities,Transaction 6
TXN00677,2024-11-07,Cash Outflow,645,Financing Activities,Transaction 677
TXN00900,2025-06-18,Cash Inflow,5609,Financing Activities,Transaction 900
TXN00368,2024-01-03,Cash Outflow,1327,Investing Activities,Transaction 368
TXN00015,2023-01-15,Cash Outflow,19755,Financing Activities,Transaction 15
TXN00095,2023-04-05,Cash Outflow,6069,Investing Activities,Transaction 95
TXN00713,2024-12-13,Cash Inflow,7714,Investing Activities,Transaction 713
TXN00852,2025-05-01,Cash Outflow,15583,Investing Activities,Transaction 852
TXN00766,2025-02-04,Cash Inflow,19267,Investing Activities,Transaction 766
TXN00918,2025-07-06,Cash Outflow,16322,Operating Activities,Transaction 918
TXN00849,2025-04-28,Cash Inflow,12222,Operating Activities,Transaction 849
TXN00975,2025-09-01,Cash Outflow,2856,Investing Activities,Transaction 975
TXN00639,2024-09-30,Cash Outflow,8730,Operating Activities,Transaction 639
TXN00965,2025-08-22,Cash Inflow,15849,Operating Activities,Transaction 965
TXN00229,2023-08-17,Cash Inflow,1346,Investing Activities,Transaction 229
TXN00345,2023-12-11,Cash Inflow,16978,Financing Activities,Transaction 345
TXN00389,2024-01-24,Cash Inflow,19914,Financing Activities,Transaction 389
TXN00146,2023-05-26,Cash Inflow,8650,Financing Activities,Transaction 146
TXN00753,2025-01-22,Cash Outflow,13380,Operating Activities,Transaction 753
TXN00641,2024-10-02,Cash Outflow,12279,Operating Activities,Transaction 641
TXN00822,2025-04-01,Cash Outflow,19636,Operating Activities,Transaction 822
TXN00958,2025-08-15,Cash Inflow,16905,Investing Activities,Transaction 958
TXN00029,2023-01-29,Cash Outflow,9202,Financing Activities,Transaction 29
TXN00924,2025-07-12,Cash Inflow,9627,Financing Activities,Transaction 924
TXN00256,2023-09-13,Cash Inflow,18944,Financing Activities,Transaction 256
TXN00602,2024-08-24,Cash Outflow,19592,Investing Activities,Transaction 602
TXN00606,2024-08-28,Cash Inflow,7619,Financing Activities,Transaction 606
TXN00864,2025-05-13,Cash Outflow,2480,Investing Activities,Transaction 864
TXN00463,2024-04-07,Cash Outflow,17716,Operating Activities,Transaction 463
TXN00780,2025-02-18,Cash Inflow,16870,Financing Activities,Transaction 780
TXN00548,2024-07-01,Cash Outflow,3528,Operating Activities,Transaction 548
TXN00180,2023-06-29,Cash Inflow,4096,Operating Activities,Transaction 180
TXN00237,2023-08-25,Cash Outflow,13319,Investing Activities,Transaction 237
TXN00085,2023-03-26,Cash Inflow,5354,Operating Activities,Transaction 85
TXN00732,2025-01-01,Cash Inflow,18524,Financing Activities,Transaction 732
TXN00187,2023-07-06,Cash Outflow,6871,Operating Activities,Transaction 187
TXN00570,2024-07-23,Cash Inflow,6622,Financing Activities,Transaction 570
TXN00331,2023-11-27,Cash Inflow,5112,Investing Activities,Transaction 331
TXN00819,2025-03-29,Cash Outflow,15359,Investing Activities,Transaction 819
TXN00594,2024-08-16,Cash Outflow,3504,Operating Activities,Transaction 594
TXN00891,2025-06-09,Cash Inflow,3724,Operating Activities,Transaction 891
TXN00591,2024-08-13,Cash Inflow,16814,Operating Activities,Transaction 591
TXN00974,2025-08-31,Cash Inflow,12394,Investing Activities,Transaction 974
TXN00409,2024-02-13,Cash Outflow,4100,Financing Activities,Transaction 409
TXN00734,2025-01-03,Cash Outflow,11374,Operating Activities,Transaction 734
TXN00080,2023-03-21,Cash Outflow,7441,Operating Activities,Transaction 80
TXN00671,2024-11-01,Cash Inflow,13176,Operating Activities,Transaction 671
TXN00200,2023-07-19,Cash Inflow,11054,Financing Activities,Transaction 200
TXN00627,2024-09-18,Cash Inflow,3794,Financing Activities,Transaction 627
TXN00535,2024-06-18,Cash Inflow,16488,Investing Activities,Transaction 535
TXN00209,2023-07-28,Cash Outflow,12113,Operating Activities,Transaction 209
TXN00745,2025-01-14,Cash Inflow,4472,Operating Activities,Transaction 745
TXN00717,2024-12-17,Cash Inflow,11862,Investing Activities,Transaction 717
TXN00473,2024-04-17,Cash Inflow,3554,Financing Activities,Transaction 473
TXN00416,2024-02-20,Cash Inflow,13451,Investing Activities,Transaction 416
TXN00789,2025-02-27,Cash Outflow,19287,Operating Activities,Transaction 789
TXN00564,2024-07-17,Cash Inflow,16007,Financing Activities,Transaction 564
TXN00130,2023-05-10,Cash Outflow,16782,Investing Activities,Transaction 130
TXN00892,2025-06-10,Cash Inflow,15569,Financing Activities,Transaction 892
TXN00683,2024-11-13,Cash Inflow,15652,Investing Activities,Transaction 683
TXN00949,2025-08-06,Cash Outflow,4411,Investing Activities,Transaction 949
TXN00003,2023-01-03,Cash Inflow,5820,Operating Activities,Transaction 3
TXN00403,2024-02-07,Cash Inflow,2125,Operating Activities,Transaction 403
TXN00036,2023-02-05,Cash Inflow,10360,Operating Activities,Transaction 36
TXN00487,2024-05-01,Cash Inflow,4925,Investing Activities,Transaction 487
TXN00511,2024-05-25,Cash Inflow,16017,Investing Activities,Transaction 511
TXN00959,2025-08-16,Cash Outflow,9101,Operating Activities,Transaction 959
TXN00323,2023-11-19,Cash Outflow,11289,Investing Activities,Transaction 323
TXN00893,2025-06-11,Cash Inflow,12036,Operating Activities,Transaction 893
TXN00166,2023-06-15,Cash Inflow,3586,Financing Activities,Transaction 166
TXN00932,2025-07-20,Cash Outflow,10933,Financing Activities,Transaction 932
TXN00197,2023-07-16,Cash Outflow,16179,Investing Activities,Transaction 197
TXN00199,2023-07-18,Cash Inflow,10667,Operating Activities,Transaction 199
TXN00319,2023-11-15,Cash Inflow,9946,Investing Activities,Transaction 319
TXN00625,2024-09-16,Cash Inflow,2000,Financing Activities,Transaction 625
TXN00750,2025-01-19,Cash Outflow,10403,Financing Activities,Transaction 750
TXN00009,2023-01-09,Cash Inflow,6213,Investing Activities,Transaction 9
TXN00566,2024-07-19,Cash Outflow,2262,Operating Activities,Transaction 566
TXN00002,2023-01-02,Cash Outflow,7812,Investing Activities,Transaction 2
TXN00736,2025-01-05,Cash Inflow,5516,Investing Activities,Transaction 736
TXN00150,2023-05-30,Cash Outflow,17248,Financing Activities,Transaction 150
TXN00106,2023-04-16,Cash Outflow,6738,Operating Activities,Transaction 106
TXN00749,2025-01-18,Cash Inflow,8728,Investing Activities,Transaction 749
TXN00349,2023-12-15,Cash Outflow,1293,Operating Activities,Transaction 349
TXN00351,2023-12-17,Cash Outflow,6279,Financing Activities,Transaction 351
TXN00471,2024-04-15,Cash Inflow,7222,Financing Activities,Transaction 471
TXN00071,2023-03-12,Cash Outflow,7496,Investing Activities,Transaction 71
TXN00563,2024-07-16,Cash Inflow,9442,Operating Activities,Transaction 563
TXN00583,2024-08-05,Cash Outflow,18523,Investing Activities,Transaction 583
TXN00997,2025-09-23,Cash Inflow,2571,Financing Activities,Transaction 997
TXN00078,2023-03-19,Cash Outflow,10021,Operating Activities,Transaction 78
TXN00295,2023-10-22,Cash Outflow,10010,Financing Activities,Transaction 295
TXN00241,2023-08-29,Cash Outflow,6733,Operating Activities,Transaction 241
TXN00352,2023-12-18,Cash Inflow,12798,Financing Activities,Transaction 352
TXN00545,2024-06-28,Cash Inflow,9146,Financing Activities,Transaction 545
TXN00834,2025-04-13,Cash Outflow,12245,Operating Activities,Transaction 834
TXN00960,2025-08-17,Cash Inflow,1394,Investing Activities,Transaction 960
TXN00568,2024-07-21,Cash Outflow,12612,Investing Activities,Transaction 568
TXN00886,2025-06-04,Cash Inflow,6155,Financing Activities,Transaction 886
TXN00221,2023-08-09,Cash Inflow,14543,Operating Activities,Transaction 221
TXN00151,2023-05-31,Cash Inflow,7309,Investing Activities,Transaction 151
TXN00133,2023-05-13,Cash Inflow,10953,Operating Activities,Transaction 133
TXN00405,2024-02-09,Cash Outflow,8473,Financing Activities,Transaction 405
TXN00719,2024-12-19,Cash Outflow,10606,Operating Activities,Transaction 719
TXN00182,2023-07-01,Cash Inflow,6668,Operating Activities,Transaction 182
TXN00271,2023-09-28,Cash Outflow,735,Investing Activities,Transaction 271
TXN00217,2023-08-05,Cash Outflow,9611,Operating Activities,Transaction 217
TXN00543,2024-06-26,Cash Inflow,14560,Investing Activities,Transaction 543
TXN00530,2024-06-13,Cash Outflow,16958,Operating Activities,Transaction 530
TXN00094,2023-04-04,Cash Outflow,14888,Investing Activities,Transaction 94
TXN00521,2024-06-04,Cash Outflow,4533,Financing Activities,Transaction 521
TXN00367,2024-01-02,Cash Outflow,15828,Financing Activities,Transaction 367
TXN00011,2023-01-11,Cash Inflow,5304,Investing Activities,Transaction 11
TXN00337,2023-12-03,Cash Inflow,6859,Financing Activities,Transaction 337
TXN00024,2023-01-24,Cash Outflow,7438,Financing Activities,Transaction 24
TXN00926,2025-07-14,Cash Inflow,6868,Investing Activities,Transaction 926
TXN00303,2023-10-30,Cash Inflow,9684,Investing Activities,Transaction 303
TXN00871,2025-05-20,Cash Inflow,19139,Investing Activities,Transaction 871
TXN00138,2023-05-18,Cash Inflow,14068,Operating Activities,Transaction 138
TXN00498,2024-05-12,Cash Outflow,1909,Financing Activities,Transaction 498
TXN00060,2023-03-01,Cash Inflow,4863,Operating Activities,Transaction 60
TXN00484,2024-04-28,Cash Outflow,17827,Investing Activities,Transaction 484
TXN00942,2025-07-30,Cash Inflow,6590,Operating Activities,Transaction 942
TXN00510,2024-05-24,Cash Outflow,13380,Operating Activities,Transaction 510
TXN00464,2024-04-08,Cash Inflow,13100,Operating Activities,Transaction 464
TXN00394,2024-01-29,Cash Outflow,7014,Operating Activities,Transaction 394
TXN00748,2025-01-17,Cash Inflow,9605,Investing Activities,Transaction 748
TXN00685,2024-11-15,Cash Inflow,10926,Financing Activities,Transaction 685
TXN00496,2024-05-10,Cash Inflow,5341,Financing Activities,Transaction 496
TXN00137,2023-05-17,Cash Inflow,4932,Investing Activities,Transaction 137
TXN00212,2023-07-31,Cash Inflow,13546,Investing Activities,Transaction 212
TXN00565,2024-07-18,Cash Outflow,16326,Operating Activities,Transaction 565
TXN00336,2023-12-02,Cash Outflow,6871,Operating Activities,Transaction 336
TXN00580,2024-08-02,Cash Outflow,1740,Financing Activities,Transaction 580
TXN00400,2024-02-04,Cash Inflow,13724,Investing Activities,Transaction 400
TXN00326,2023-11-22,Cash Outflow,17834,Financing Activities,Transaction 326
TXN00478,2024-04-22,Cash Outflow,15649,Operating Activities,Transaction 478
TXN00696,2024-11-26,Cash Outflow,15399,Investing Activities,Transaction 696
TXN00121,2023-05-01,Cash Outflow,4400,Investing Activities,Transaction 121
TXN00493,2024-05-07,Cash Inflow,18192,Financing Activities,Transaction 493
TXN00422,2024-02-26,Cash Outflow,4880,Financing Activities,Transaction 422
TXN00205,2023-07-24,Cash Outflow,18617,Investing Activities,Transaction 205
TXN00050,2023-02-19,Cash Outflow,5476,Operating Activities,Transaction 50
TXN00088,2023-03-29,Cash Inflow,5392,Financing Activities,Transaction 88
TXN00956,2025-08-13,Cash Inflow,1399,Operating Activities,Transaction 956
TXN00038,2023-02-07,Cash Inflow,15606,Operating Activities,Transaction 38
TXN00096,2023-04-06,Cash Outflow,4800,Operating Activities,Transaction 96
TXN00018,2023-01-18,Cash Outflow,2693,Investing Activities,Transaction 18
TXN00339,2023-12-05,Cash Outflow,3728,Operating Activities,Transaction 339
TXN00608,2024-08-30,Cash Outflow,16396,Financing Activities,Transaction 608
TXN00716,2024-12-16,Cash Outflow,14332,Financing Activities,Transaction 716
TXN00589,2024-08-11,Cash Outflow,10150,Investing Activities,Transaction 589
TXN00585,2024-08-07,Cash Outflow,13850,Financing Activities,Transaction 585
TXN00261,2023-09-18,Cash Inflow,11068,Financing Activities,Transaction 261
TXN00826,2025-04-05,Cash Outflow,5299,Investing Activities,Transaction 826
TXN00938,2025-07-26,Cash Inflow,3541,Financing Activities,Transaction 938
TXN00459,2024-04-03,Cash Inflow,16938,Operating Activities,Transaction 459
TXN00231,2023-08-19,Cash Outflow,14203,Investing Activities,Transaction 231
TXN00519,2024-06-02,Cash Outflow,13308,Operating Activities,Transaction 519
TXN00433,2024-03-08,Cash Inflow,10416,Investing Activities,Transaction 433
TXN00718,2024-12-18,Cash Outflow,18797,Investing Activities,Transaction 718
TXN00839,2025-04-18,Cash Outflow,16922,Investing Activities,Transaction 839
TXN00415,2024-02-19,Cash Inflow,18089,Financing Activities,Transaction 415
TXN00004,2023-01-04,Cash Inflow,13716,Financing Activities,Transaction 4
TXN00711,2024-12-11,Cash Inflow,18680,Operating Activities,Transaction 711
TXN00945,2025-08-02,Cash Inflow,2425,Operating Activities,Transaction 945
TXN00907,2025-06-25,Cash Outflow,6654,Financing Activities,Transaction 907
TXN00356,2023-12-22,Cash Inflow,11897,Investing Activities,Transaction 356
TXN00799,2025-03-09,Cash Inflow,1507,Operating Activities,Transaction 799
TXN00110,2023-04-20,Cash Inflow,10411,Operating Activities,Transaction 110
TXN00489,2024-05-03,Cash Inflow,2698,Investing Activities,Transaction 489
TXN00882,2025-05-31,Cash Outflow,6842,Investing Activities,Transaction 882
TXN00014,2023-01-14,Cash Inflow,509,Investing Activities,Transaction 14
TXN00905,2025-06-23,Cash Inflow,18273,Operating Activities,Transaction 905
TXN00499,2024-05-13,Cash Inflow,5066,Investing Activities,Transaction 499
TXN00653,2024-10-14,Cash Inflow,10496,Investing Activities,Transaction 653
TXN00052,2023-02-21,Cash Outflow,10515,Operating Activities,Transaction 52
TXN00569,2024-07-22,Cash Inflow,13152,Financing Activities,Transaction 569
TXN00010,2023-01-10,Cash Outflow,17139,Financing Activities,Transaction 10
TXN00074,2023-03-15,Cash Outflow,16281,Operating Activities,Transaction 74
TXN00913,2025-07-01,Cash Inflow,13899,Financing Activities,Transaction 913
TXN00921,2025-07-09,Cash Inflow,16519,Investing Activities,Transaction 921
TXN00694,2024-11-24,Cash Outflow,15061,Investing Activities,Transaction 694
TXN00582,2024-08-04,Cash Inflow,9630,Financing Activities,Transaction 582
TXN00536,2024-06-19,Cash Outflow,8541,Investing Activities,Transaction 536
TXN00458,2024-04-02,Cash Outflow,14922,Operating Activities,Transaction 458
TXN00526,2024-06-09,Cash Inflow,18935,Operating Activities,Transaction 526
TXN00491,2024-05-05,Cash Outflow,9606,Investing Activities,Transaction 491
TXN00776,2025-02-14,Cash Inflow,16606,Operating Activities,Transaction 776
TXN00847,2025-04-26,Cash Outflow,13761,Financing Activities,Transaction 847
TXN00312,2023-11-08,Cash Inflow,11802,Investing Activities,Transaction 312
TXN00390,2024-01-25,Cash Inflow,19756,Investing Activities,Transaction 390
TXN00700,2024-11-30,Cash Inflow,9576,Financing Activities,Transaction 700
TXN00181,2023-06-30,Cash Inflow,11975,Operating Activities,Transaction 181
TXN00158,2023-06-07,Cash Outflow,17802,Investing Activities,Transaction 158
TXN00630,2024-09-21,Cash Inflow,4997,Investing Activities,Transaction 630
TXN00920,2025-07-08,Cash Outflow,14121,Investing Activities,Transaction 920
TXN00230,2023-08-18,Cash Inflow,11454,Investing Activities,Transaction 230
TXN00053,2023-02-22,Cash Inflow,3919,Operating Activities,Transaction 53
TXN00497,2024-05-11,Cash Inflow,15858,Operating Activities,Transaction 497
TXN00027,2023-01-27,Cash Outflow,10844,Investing Activities,Transaction 27
TXN00055,2023-02-24,Cash Inflow,7739,Financing Activities,Transaction 55
TXN00299,2023-10-26,Cash Inflow,7065,Operating Activities,Transaction 299
TXN00695,2024-11-25,Cash Outflow,16012,Investing Activities,Transaction 695
TXN00206,2023-07-25,Cash Inflow,2105,Investing Activities,Transaction 206
TXN00215,2023-08-03,Cash Inflow,4824,Operating Activities,Transaction 215
TXN00590,2024-08-12,Cash Inflow,19206,Financing Activities,Transaction 590
TXN00509,2024-05-23,Cash Outflow,18271,Operating Activities,Transaction 509
TXN00039,2023-02-08,Cash Inflow,18344,Operating Activities,Transaction 39
TXN00843,2025-04-22,Cash Inflow,10896,Financing Activities,Transaction 843
TXN00159,2023-06-08,Cash Inflow,19681,Financing Activities,Transaction 159
TXN00902,2025-06-20,Cash Outflow,2933,Investing Activities,Transaction 902
TXN00292,2023-10-19,Cash Inflow,17949,Financing Activities,Transaction 292
TXN00413,2024-02-17,Cash Outflow,5471,Financing Activities,Transaction 413
TXN00783,2025-02-21,Cash Outflow,8061,Financing Activities,Transaction 783
TXN00690,2024-11-20,Cash Outflow,5305,Financing Activities,Transaction 690
TXN00761,2025-01-30,Cash Outflow,2091,Investing Activities,Transaction 761
TXN00816,2025-03-26,Cash Inflow,7991,Financing Activities,Transaction 816
TXN00861,2025-05-10,Cash Outflow,12655,Financing Activities,Transaction 861
TXN00937,2025-07-25,Cash Outflow,16869,Investing Activities,Transaction 937
TXN00922,2025-07-10,Cash Inflow,3220,Financing Activities,Transaction 922
TXN00461,2024-04-05,Cash Outflow,16208,Financing Activities,Transaction 461
TXN00693,2024-11-23,Cash Inflow,2368,Operating Activities,Transaction 693
TXN00119,2023-04-29,Cash Outflow,13391,Investing Activities,Transaction 119
TXN00609,2024-08-31,Cash Outflow,12418,Operating Activities,Transaction 609
TXN00948,2025-08-05,Cash Outflow,1052,Operating Activities,Transaction 948
TXN00763,2025-02-01,Cash Inflow,6683,Financing Activities,Transaction 763
TXN00672,2024-11-02,Cash Outflow,11316,Financing Activities,Transaction 672
TXN00330,2023-11-26,Cash Outflow,19529,Financing Activities,Transaction 330
TXN00123,2023-05-03,Cash Outflow,7481,Operating Activities,Transaction 123
TXN00936,2025-07-24,Cash Inflow,10861,Financing Activities,Transaction 936
TXN00061,2023-03-02,Cash Inflow,10676,Financing Activities,Transaction 61
TXN00446,2024-03-21,Cash Inflow,16034,Financing Activities,Transaction 446
TXN00034,2023-02-03,Cash Outflow,13263,Financing Activities,Transaction 34
TXN00411,2024-02-15,Cash Inflow,13726,Investing Activities,Transaction 411
TXN00833,2025-04-12,Cash Inflow,12301,Operating Activities,Transaction 833
TXN00764,2025-02-02,Cash Outflow,1812,Financing Activities,Transaction 764
TXN00867,2025-05-16,Cash Inflow,9484,Investing Activities,Transaction 867
TXN00329,2023-11-25,Cash Outflow,2743,Financing Activities,Transaction 329
TXN00317,2023-11-13,Cash Inflow,6288,Operating Activities,Transaction 317
TXN00503,2024-05-17,Cash Inflow,1304,Investing Activities,Transaction 503
TXN00374,2024-01-09,Cash Outflow,626,Financing Activities,Transaction 374
TXN00747,2025-01-16,Cash Inflow,14413,Financing Activities,Transaction 747
TXN00538,2024-06-21,Cash Inflow,18958,Financing Activities,Transaction 538
TXN00293,2023-10-20,Cash Inflow,19020,Operating Activities,Transaction 293
TXN00621,2024-09-12,Cash Outflow,15523,Operating Activities,Transaction 621
TXN00257,2023-09-14,Cash Inflow,5787,Financing Activities,Transaction 257
TXN00528,2024-06-11,Cash Outflow,11872,Operating Activities,Transaction 528
TXN00474,2024-04-18,Cash Outflow,14075,Investing Activities,Transaction 474
TXN00128,2023-05-08,Cash Inflow,10660,Investing Activities,Transaction 128
TXN00541,2024-06-24,Cash Inflow,17529,Financing Activities,Transaction 541
TXN00600,2024-08-22,Cash Outflow,6395,Operating Activities,Transaction 600
TXN00678,2024-11-08,Cash Outflow,14769,Operating Activities,Transaction 678
TXN00141,2023-05-21,Cash Outflow,802,Operating Activities,Transaction 141
TXN00410,2024-02-14,Cash Outflow,7283,Investing Activities,Transaction 410
TXN00578,2024-07-31,Cash Outflow,2843,Financing Activities,Transaction 578
TXN00428,2024-03-03,Cash Outflow,17850,Investing Activities,Transaction 428
TXN00025,2023-01-25,Cash Outflow,14272,Operating Activities,Transaction 25
TXN00652,2024-10-13,Cash Outflow,4846,Investing Activities,Transaction 652
TXN00448,2024-03-23,Cash Outflow,5732,Operating Activities,Transaction 448
TXN00135,2023-05-15,Cash Inflow,12894,Investing Activities,Transaction 135
TXN00904,2025-06-22,Cash Inflow,4667,Operating Activities,Transaction 904
TXN00574,2024-07-27,Cash Outflow,8117,Operating Activities,Transaction 574
TXN00282,2023-10-09,Cash Outflow,11657,Investing Activities,Transaction 282
TXN00264,2023-09-21,Cash Inflow,18878,Financing Activities,Transaction 264
TXN00811,2025-03-21,Cash Inflow,14007,Financing Activities,Transaction 811
TXN00316,2023-11-12,Cash Outflow,15874,Investing Activities,Transaction 316
TXN00682,2024-11-12,Cash Inflow,4994,Financing Activities,Transaction 682
TXN00941,2025-07-29,Cash Outflow,18779,Financing Activities,Transaction 941
TXN00691,2024-11-21,Cash Outflow,1306,Investing Activities,Transaction 691
TXN00346,2023-12-12,Cash Inflow,3174,Operating Activities,Transaction 346
TXN00607,2024-08-29,Cash Inflow,5819,Investing Activities,Transaction 607
TXN00981,2025-09-07,Cash Outflow,1161,Operating Activities,Transaction 981
TXN00169,2023-06-18,Cash Inflow,6250,Operating Activities,Transaction 169
TXN00624,2024-09-15,Cash Outflow,9518,Financing Activities,Transaction 624
TXN00740,2025-01-09,Cash Outflow,16085,Investing Activities,Transaction 740
TXN00522,2024-06-05,Cash Inflow,8928,Operating Activities,Transaction 522
TXN00452,2024-03-27,Cash Outflow,8538,Investing Activities,Transaction 452
TXN00298,2023-10-25,Cash Inflow,8304,Investing Activities,Transaction 298
TXN00054,2023-02-23,Cash Outflow,14930,Investing Activities,Transaction 54
TXN00171,2023-06-20,Cash Outflow,10767,Operating Activities,Transaction 171
TXN00373,2024-01-08,Cash Outflow,6459,Operating Activities,Transaction 373
TXN00943,2025-07-31,Cash Outflow,6582,Operating Activities,Transaction 943
TXN00114,2023-04-24,Cash Outflow,1166,Operating Activities,Transaction 114
TXN00208,2023-07-27,Cash Outflow,7267,Operating Activities,Transaction 208
TXN00287,2023-10-14,Cash Inflow,19782,Investing Activities,Transaction 287
TXN00189,2023-07-08,Cash Inflow,13410,Investing Activities,Transaction 189
TXN00013,2023-01-13,Cash Inflow,10636,Financing Activities,Transaction 13
TXN00859,2025-05-08,Cash Outflow,7924,Operating Activities,Transaction 859
TXN00877,2025-05-26,Cash Outflow,3880,Financing Activities,Transaction 877
TXN00340,2023-12-06,Cash Outflow,14882,Financing Activities,Transaction 340
TXN00225,2023-08-13,Cash Outflow,19435,Financing Activities,Transaction 225
TXN00462,2024-04-06,Cash Inflow,11771,Operating Activities,Transaction 462
TXN00500,2024-05-14,Cash Outflow,11882,Financing Activities,Transaction 500
TXN00163,2023-06-12,Cash Outflow,8173,Investing Activities,Transaction 163
TXN00644,2024-10-05,Cash Inflow,8064,Operating Activities,Transaction 644
TXN00239,2023-08-27,Cash Inflow,6783,Operating Activities,Transaction 239
TXN00175,2023-06-24,Cash Outflow,6729,Investing Activities,Transaction 175
TXN00978,2025-09-04,Cash Outflow,10681,Operating Activities,Transaction 978
TXN00990,2025-09-16,Cash Outflow,16809,Operating Activities,Transaction 990
TXN00731,2024-12-31,Cash Inflow,18174,Investing Activities,Transaction 731
TXN00698,2024-11-28,Cash Outflow,16434,Financing Activities,Transaction 698
TXN00242,2023-08-30,Cash Inflow,13441,Operating Activities,Transaction 242
TXN00803,2025-03-13,Cash Inflow,12218,Investing Activities,Transaction 803
TXN00192,2023-07-11,Cash Inflow,16228,Investing Activities,Transaction 192
TXN00684,2024-11-14,Cash Outflow,9655,Financing Activities,Transaction 684
TXN00216,2023-08-04,Cash Inflow,11287,Financing Activities,Transaction 216
TXN00996,2025-09-22,Cash Inflow,1456,Investing Activities,Transaction 996
TXN00823,2025-04-02,Cash Outflow,11883,Investing Activities,Transaction 823
TXN00228,2023-08-16,Cash Outflow,6060,Investing Activities,Transaction 228
TXN00370,2024-01-05,Cash Inflow,4951,Operating Activities,Transaction 370
TXN00587,2024-08-09,Cash Outflow,1752,Financing Activities,Transaction 587
TXN00475,2024-04-19,Cash Inflow,8470,Financing Activities,Transaction 475
TXN00308,2023-11-04,Cash Outflow,13290,Financing Activities,Transaction 308
TXN00236,2023-08-24,Cash Outflow,17108,Investing Activities,Transaction 236
TXN00108,2023-04-18,Cash Outflow,12137,Operating Activities,Transaction 108
TXN00756,2025-01-25,Cash Outflow,15059,Operating Activities,Transaction 756
TXN00837,2025-04-16,Cash Inflow,14788,Financing Activities,Transaction 837
TXN00502,2024-05-16,Cash Inflow,15096,Financing Activities,Transaction 502
TXN00017,2023-01-17,Cash Outflow,1515,Investing Activities,Transaction 17
TXN00070,2023-03-11,Cash Outflow,1752,Operating Activities,Transaction 70
TXN00012,2023-01-12,Cash Inflow,18722,Investing Activities,Transaction 12
TXN00046,2023-02-15,Cash Outflow,2548,Operating Activities,Transaction 46
TXN00020,2023-01-20,Cash Inflow,14050,Financing Activities,Transaction 20
TXN00184,2023-07-03,Cash Inflow,8061,Operating Activities,Transaction 184
TXN00513,2024-05-27,Cash Inflow,2606,Financing Activities,Transaction 513
TXN00539,2024-06-22,Cash Inflow,8492,Investing Activities,Transaction 539
TXN00149,2023-05-29,Cash Inflow,16245,Financing Activities,Transaction 149
TXN00246,2023-09-03,Cash Outflow,2417,Financing Activities,Transaction 246
TXN00140,2023-05-20,Cash Inflow,18160,Financing Activities,Transaction 140
TXN00481,2024-04-25,Cash Outflow,8856,Operating Activities,Transaction 481
TXN00925,2025-07-13,Cash Inflow,16885,Operating Activities,Transaction 925
TXN00310,2023-11-06,Cash Outflow,4187,Financing Activities,Transaction 310
TXN00267,2023-09-24,Cash Outflow,9810,Operating Activities,Transaction 267
TXN00495,2024-05-09,Cash Inflow,10612,Operating Activities,Transaction 495
TXN00117,2023-04-27,Cash Inflow,10661,Financing Activities,Transaction 117
TXN00091,2023-04-01,Cash Outflow,19716,Financing Activities,Transaction 91
TXN00841,2025-04-20,Cash Inflow,9578,Operating Activities,Transaction 841
TXN00147,2023-05-27,Cash Inflow,2625,Investing Activities,Transaction 147
TXN00870,2025-05-19,Cash Outflow,5890,Investing Activities,Transaction 870
TXN00101,2023-04-11,Cash Inflow,18790,Operating Activities,Transaction 101
TXN00145,2023-05-25,Cash Outflow,9217,Investing Activities,Transaction 145
TXN00005,2023-01-05,Cash Inflow,3279,Operating Activities,Transaction 5
TXN00705,2024-12-05,Cash Inflow,17708,Investing Activities,Transaction 705
TXN00767,2025-02-05,Cash Inflow,2639,Investing Activities,Transaction 767
TXN00914,2025-07-02,Cash Outflow,10268,Financing Activities,Transaction 914
TXN00986,2025-09-12,Cash Outflow,14525,Financing Activities,Transaction 986
TXN00479,2024-04-23,Cash Inflow,19422,Investing Activities,Transaction 479
TXN00737,2025-01-06,Cash Outflow,14274,Investing Activities,Transaction 737
TXN00152,2023-06-01,Cash Inflow,5121,Financing Activities,Transaction 152
TXN00249,2023-09-06,Cash Inflow,15094,Investing Activities,Transaction 249
TXN00617,2024-09-08,Cash Inflow,4930,Operating Activities,Transaction 617
TXN00863,2025-05-12,Cash Outflow,11925,Operating Activities,Transaction 863
TXN00855,2025-05-04,Cash Inflow,16835,Investing Activities,Transaction 855
TXN00252,2023-09-09,Cash Inflow,17144,Financing Activities,Transaction 252
TXN00099,2023-04-09,Cash Outflow,12515,Investing Activities,Transaction 99
TXN00769,2025-02-07,Cash Outflow,18588,Operating Activities,Transaction 769
TXN00812,2025-03-22,Cash Inflow,7559,Operating Activities,Transaction 812
TXN00396,2024-01-31,Cash Outflow,12194,Operating Activities,Transaction 396
TXN00111,2023-04-21,Cash Outflow,8972,Financing Activities,Transaction 111
TXN00518,2024-06-01,Cash Outflow,3073,Investing Activities,Transaction 518
TXN00280,2023-10-07,Cash Outflow,5915,Investing Activities,Transaction 280
TXN00092,2023-04-02,Cash Outflow,4664,Operating Activities,Transaction 92
TXN00385,2024-01-20,Cash Inflow,3976,Operating Activities,Transaction 385
TXN00560,2024-07-13,Cash Outflow,3211,Operating Activities,Transaction 560
TXN00359,2023-12-25,Cash Inflow,17229,Operating Activities,Transaction 359
TXN00139,2023-05-19,Cash Inflow,14678,Operating Activities,Transaction 139
TXN00300,2023-10-27,Cash Outflow,6484,Investing Activities,Transaction 300
TXN00991,2025-09-17,Cash Outflow,14018,Financing Activities,Transaction 991
TXN00916,2025-07-04,Cash Outflow,7231,Investing Activities,Transaction 916
TXN00868,2025-05-17,Cash Outflow,17675,Financing Activities,Transaction 868
TXN00866,2025-05-15,Cash Inflow,19940,Operating Activities,Transaction 866
TXN00439,2024-03-14,Cash Inflow,2579,Operating Activities,Transaction 439
TXN00850,2025-04-29,Cash Outflow,19780,Investing Activities,Transaction 850
TXN00512,2024-05-26,Cash Outflow,19563,Operating Activities,Transaction 512
TXN00042,2023-02-11,Cash Inflow,5309,Operating Activities,Transaction 42
TXN00836,2025-04-15,Cash Outflow,3856,Financing Activities,Transaction 836
TXN00964,2025-08-21,Cash Inflow,15813,Operating Activities,Transaction 964
TXN00883,2025-06-01,Cash Inflow,17843,Investing Activities,Transaction 883
TXN00309,2023-11-05,Cash Outflow,18881,Operating Activities,Transaction 309
TXN00342,2023-12-08,Cash Outflow,3391,Financing Activities,Transaction 342
TXN00631,2024-09-22,Cash Inflow,18350,Investing Activities,Transaction 631
TXN00623,2024-09-14,Cash Inflow,18405,Operating Activities,Transaction 623
TXN00768,2025-02-06,Cash Outflow,15188,Financing Activities,Transaction 768
TXN00470,2024-04-14,Cash Outflow,3800,Investing Activities,Transaction 470
TXN00993,2025-09-19,Cash Outflow,7505,Investing Activities,Transaction 993
TXN00069,2023-03-10,Cash Outflow,11970,Investing Activities,Transaction 69
TXN00901,2025-06-19,Cash Inflow,17000,Operating Activities,Transaction 901
TXN00278,2023-10-05,Cash Outflow,8662,Financing Activities,Transaction 278
TXN00224,2023-08-12,Cash Outflow,14417,Investing Activities,Transaction 224
TXN00616,2024-09-07,Cash Inflow,12545,Operating Activities,Transaction 616
TXN00739,2025-01-08,Cash Inflow,17838,Investing Activities,Transaction 739
TXN00472,2024-04-16,Cash Outflow,7718,Investing Activities,Transaction 472
TXN00059,2023-02-28,Cash Inflow,17654,Operating Activities,Transaction 59
TXN00077,2023-03-18,Cash Outflow,7449,Operating Activities,Transaction 77
TXN00285,2023-10-12,Cash Outflow,9564,Investing Activities,Transaction 285
TXN00663,2024-10-24,Cash Inflow,13484,Financing Activities,Transaction 663
TXN00658,2024-10-19,Cash Inflow,9505,Financing Activities,Transaction 658
TXN00274,2023-10-01,Cash Outflow,9067,Investing Activities,Transaction 274
TXN00802,2025-03-12,Cash Outflow,15249,Investing Activities,Transaction 802
TXN00134,2023-05-14,Cash Inflow,10978,Investing Activities,Transaction 134
TXN00939,2025-07-27,Cash Outflow,605,Investing Activities,Transaction 939
TXN00911,2025-06-29,Cash Inflow,713,Financing Activities,Transaction 911
TXN00531,2024-06-14,Cash Inflow,5975,Financing Activities,Transaction 531
TXN00755,2025-01-24,Cash Outflow,10016,Investing Activities,Transaction 755
TXN00170,2023-06-19,Cash Outflow,13272,Operating Activities,Transaction 170
TXN00037,2023-02-06,Cash Outflow,6489,Investing Activities,Transaction 37
TXN00935,2025-07-23,Cash Outflow,18593,Operating Activities,Transaction 935
TXN00122,2023-05-02,Cash Inflow,14216,Operating Activities,Transaction 122
TXN00707,2024-12-07,Cash Outflow,17820,Operating Activities,Transaction 707
TXN00515,2024-05-29,Cash Outflow,5331,Operating Activities,Transaction 515
TXN00245,2023-09-02,Cash Inflow,2328,Financing Activities,Transaction 245
TXN00399,2024-02-03,Cash Outflow,4712,Investing Activities,Transaction 399
TXN00125,2023-05-05,Cash Inflow,17407,Financing Activities,Transaction 125
TXN00315,2023-11-11,Cash Inflow,18086,Operating Activities,Transaction 315
TXN00615,2024-09-06,Cash Outflow,17274,Operating Activities,Transaction 615
TXN00306,2023-11-02,Cash Inflow,1748,Investing Activities,Transaction 306
TXN00051,2023-02-20,Cash Inflow,13275,Financing Activities,Transaction 51
TXN00234,2023-08-22,Cash Outflow,6969,Operating Activities,Transaction 234
TXN00595,2024-08-17,Cash Outflow,17213,Investing Activities,Transaction 595
TXN00430,2024-03-05,Cash Outflow,13895,Financing Activities,Transaction 430
TXN00155,2023-06-04,Cash Inflow,5626,Investing Activities,Transaction 155
TXN00712,2024-12-12,Cash Outflow,8745,Operating Activities,Transaction 712
TXN00824,2025-04-03,Cash Inflow,16878,Investing Activities,Transaction 824
TXN00045,2023-02-14,Cash Outflow,6497,Financing Activities,Transaction 45
TXN00722,2024-12-22,Cash Inflow,15051,Investing Activities,Transaction 722
TXN00067,2023-03-08,Cash Outflow,19698,Investing Activities,Transaction 67
TXN00729,2024-12-29,Cash Inflow,18264,Financing Activities,Transaction 729
TXN00592,2024-08-14,Cash Outflow,4590,Operating Activities,Transaction 592
TXN00687,2024-11-17,Cash Outflow,2328,Financing Activities,Transaction 687
TXN00414,2024-02-18,Cash Inflow,13990,Investing Activities,Transaction 414
TXN00466,2024-04-10,Cash Inflow,14795,Financing Activities,Transaction 466
TXN00801,2025-03-11,Cash Inflow,11206,Financing Activities,Transaction 801
TXN00365,2023-12-31,Cash Inflow,11973,Operating Activities,Transaction 365
TXN00987,2025-09-13,Cash Outflow,9446,Operating Activities,Transaction 987
TXN00388,2024-01-23,Cash Inflow,15255,Operating Activities,Transaction 388
TXN00031,2023-01-31,Cash Inflow,904,Investing Activities,Transaction 31
TXN00762,2025-01-31,Cash Outflow,11803,Investing Activities,Transaction 762
TXN00204,2023-07-23,Cash Inflow,18344,Operating Activities,Transaction 204
TXN00969,2025-08-26,Cash Outflow,2060,Investing Activities,Transaction 969
TXN00116,2023-04-26,Cash Outflow,17555,Financing Activities,Transaction 116
TXN00771,2025-02-09,Cash Inflow,862,Operating Activities,Transaction 771
TXN00418,2024-02-22,Cash Outflow,2490,Investing Activities,Transaction 418
TXN00392,2024-01-27,Cash Inflow,2354,Financing Activities,Transaction 392
TXN00710,2024-12-10,Cash Outflow,16376,Operating Activities,Transaction 710
TXN00064,2023-03-05,Cash Inflow,9080,Financing Activities,Transaction 64
TXN00523,2024-06-06,Cash Outflow,1804,Investing Activities,Transaction 523
TXN00369,2024-01-04,Cash Inflow,7647,Investing Activities,Transaction 369
TXN00983,2025-09-09,Cash Outflow,16211,Financing Activities,Transaction 983
TXN00899,2025-06-17,Cash Inflow,9708,Financing Activities,Transaction 899
TXN00126,2023-05-06,Cash Outflow,19277,Financing Activities,Transaction 126
TXN00897,2025-06-15,Cash Outflow,9212,Financing Activities,Transaction 897
TXN00534,2024-06-17,Cash Inflow,2122,Financing Activities,Transaction 534
TXN00402,2024-02-06,Cash Outflow,17420,Investing Activities,Transaction 402
TXN00444,2024-03-19,Cash Outflow,1268,Investing Activities,Transaction 444
TXN00635,2024-09-26,Cash Outflow,13909,Operating Activities,Transaction 635
TXN00157,2023-06-06,Cash Inflow,18530,Operating Activities,Transaction 157
TXN00706,2024-12-06,Cash Inflow,19149,Financing Activities,Transaction 706
TXN00148,2023-05-28,Cash Inflow,11979,Operating Activities,Transaction 148
TXN00759,2025-01-28,Cash Inflow,19046,Operating Activities,Transaction 759
TXN00193,2023-07-12,Cash Inflow,7238,Investing Activities,Transaction 193
TXN00321,2023-11-17,Cash Outflow,919,Operating Activities,Transaction 321
TXN00056,2023-02-25,Cash Outflow,14989,Operating Activities,Transaction 56
TXN00488,2024-05-02,Cash Outflow,16532,Investing Activities,Transaction 488
TXN00813,2025-03-23,Cash Inflow,18771,Investing Activities,Transaction 813
TXN00007,2023-01-07,Cash Inflow,2081,Operating Activities,Transaction 7
TXN00421,2024-02-25,Cash Outflow,13972,Operating Activities,Transaction 421
TXN00697,2024-11-27,Cash Inflow,16720,Investing Activities,Transaction 697
TXN00440,2024-03-15,Cash Inflow,3217,Operating Activities,Transaction 440
TXN00290,2023-10-17,Cash Outflow,17484,Financing Activities,Transaction 290
TXN00167,2023-06-16,Cash Outflow,14003,Financing Activities,Transaction 167
TXN00525,2024-06-08,Cash Outflow,19425,Operating Activities,Transaction 525
TXN00781,2025-02-19,Cash Inflow,15370,Financing Activities,Transaction 781
TXN00723,2024-12-23,Cash Outflow,8406,Operating Activities,Transaction 723
TXN00100,2023-04-10,Cash Inflow,12734,Operating Activities,Transaction 100
TXN00778,2025-02-16,Cash Outflow,9517,Financing Activities,Transaction 778
TXN00909,2025-06-27,Cash Inflow,18927,Financing Activities,Transaction 909
TXN00160,2023-06-09,Cash Outflow,6370,Operating Activities,Transaction 160
TXN00048,2023-02-17,Cash Inflow,17600,Financing Activities,Transaction 48
TXN00773,2025-02-11,Cash Inflow,13981,Investing Activities,Transaction 773
TXN00360,2023-12-26,Cash Inflow,11041,Investing Activities,Transaction 360
TXN00023,2023-01-23,Cash Outflow,7470,Operating Activities,Transaction 23
TXN00721,2024-12-21,Cash Outflow,19350,Investing Activities,Transaction 721
TXN00552,2024-07-05,Cash Outflow,6441,Operating Activities,Transaction 552
TXN00335,2023-12-01,Cash Outflow,13929,Investing Activities,Transaction 335
TXN00172,2023-06-21,Cash Inflow,1562,Investing Activities,Transaction 172
TXN00784,2025-02-22,Cash Outflow,3219,Operating Activities,Transaction 784
TXN00195,2023-07-14,Cash Inflow,2972,Investing Activities,Transaction 195
TXN00451,2024-03-26,Cash Outflow,12842,Operating Activities,Transaction 451
TXN00288,2023-10-15,Cash Inflow,577,Financing Activities,Transaction 288
TXN00727,2024-12-27,Cash Inflow,5175,Financing Activities,Transaction 727
TXN00794,2025-03-04,Cash Outflow,1636,Financing Activities,Transaction 794
TXN00188,2023-07-07,Cash Inflow,14869,Financing Activities,Transaction 188
TXN00030,2023-01-30,Cash Outflow,884,Investing Activities,Transaction 30
TXN00807,2025-03-17,Cash Outflow,1071,Operating Activities,Transaction 807
TXN00699,2024-11-29,Cash Outflow,5929,Operating Activities,Transaction 699
TXN00429,2024-03-04,Cash Inflow,5444,Operating Activities,Transaction 429
TXN00642,2024-10-03,Cash Outflow,15817,Operating Activities,Transaction 642
TXN00107,2023-04-17,Cash Outflow,6590,Financing Activities,Transaction 107
TXN00809,2025-03-19,Cash Outflow,5584,Investing Activities,Transaction 809
TXN00786,2025-02-24,Cash Inflow,4241,Financing Activities,Transaction 786
TXN00929,2025-07-17,Cash Outflow,18833,Operating Activities,Transaction 929
TXN00634,2024-09-25,Cash Inflow,3167,Operating Activities,Transaction 634
TXN00408,2024-02-12,Cash Outflow,9166,Investing Activities,Transaction 408
TXN00772,2025-02-10,Cash Inflow,19488,Operating Activities,Transaction 772
TXN00223,2023-08-11,Cash Outflow,617,Investing Activities,Transaction 223
TXN00989,2025-09-15,Cash Outflow,6736,Investing Activities,Transaction 989
TXN00885,2025-06-03,Cash Outflow,9384,Operating Activities,Transaction 885
TXN00977,2025-09-03,Cash Outflow,17190,Investing Activities,Transaction 977
TXN00357,2023-12-23,Cash Outflow,13499,Operating Activities,Transaction 357
TXN00311,2023-11-07,Cash Outflow,4518,Investing Activities,Transaction 311
TXN00235,2023-08-23,Cash Outflow,9833,Investing Activities,Transaction 235
TXN00419,2024-02-23,Cash Outflow,5799,Operating Activities,Transaction 419
TXN00798,2025-03-08,Cash Inflow,5043,Financing Activities,Transaction 798
TXN00081,2023-03-22,Cash Inflow,10709,Financing Activities,Transaction 81
TXN00258,2023-09-15,Cash Outflow,2119,Financing Activities,Transaction 258
TXN00296,2023-10-23,Cash Outflow,7443,Financing Activities,Transaction 296
TXN00350,2023-12-16,Cash Inflow,2616,Financing Activities,Transaction 350
TXN00946,2025-08-03,Cash Inflow,18940,Operating Activities,Transaction 946
TXN00887,2025-06-05,Cash Inflow,12591,Financing Activities,Transaction 887
TXN00838,2025-04-17,Cash Inflow,7040,Financing Activities,Transaction 838
TXN00556,2024-07-09,Cash Outflow,13581,Investing Activities,Transaction 556
TXN00743,2025-01-12,Cash Outflow,4633,Financing Activities,Transaction 743
TXN00797,2025-03-07,Cash Inflow,13487,Financing Activities,Transaction 797
TXN00118,2023-04-28,Cash Outflow,11814,Investing Activities,Transaction 118
TXN00821,2025-03-31,Cash Inflow,9577,Operating Activities,Transaction 821
TXN00266,2023-09-23,Cash Outflow,3990,Operating Activities,Transaction 266
TXN00817,2025-03-27,Cash Inflow,15027,Financing Activities,Transaction 817
TXN00202,2023-07-21,Cash Outflow,14777,Operating Activities,Transaction 202
TXN00105,2023-04-15,Cash Outflow,15683,Operating Activities,Transaction 105
TXN00875,2025-05-24,Cash Outflow,6276,Financing Activities,Transaction 875
TXN00378,2024-01-13,Cash Inflow,12059,Investing Activities,Transaction 378
TXN00830,2025-04-09,Cash Outflow,11796,Investing Activities,Transaction 830
TXN00113,2023-04-23,Cash Outflow,3766,Investing Activities,Transaction 113
TXN00084,2023-03-25,Cash Outflow,5137,Operating Activities,Transaction 84
TXN00412,2024-02-16,Cash Outflow,9646,Operating Activities,Transaction 412
TXN00869,2025-05-18,Cash Inflow,16383,Investing Activities,Transaction 869
TXN00420,2024-02-24,Cash Outflow,13497,Operating Activities,Transaction 420
TXN00656,2024-10-17,Cash Inflow,4310,Financing Activities,Transaction 656
TXN00648,2024-10-09,Cash Inflow,15729,Investing Activities,Transaction 648
TXN00835,2025-04-14,Cash Inflow,13525,Financing Activities,Transaction 835
TXN00643,2024-10-04,Cash Outflow,17804,Operating Activities,Transaction 643
TXN00153,2023-06-02,Cash Inflow,15534,Investing Activities,Transaction 153
TXN00845,2025-04-24,Cash Inflow,18707,Investing Activities,Transaction 845
TXN00453,2024-03-28,Cash Outflow,16502,Operating Activities,Transaction 453
TXN00250,2023-09-07,Cash Inflow,13477,Investing Activities,Transaction 250
TXN00103,2023-04-13,Cash Outflow,17644,Financing Activities,Transaction 103
TXN00927,2025-07-15,Cash Inflow,14556,Investing Activities,Transaction 927
TXN00240,2023-08-28,Cash Outflow,2548,Investing Activities,Transaction 240
TXN00657,2024-10-18,Cash Inflow,7706,Investing Activities,Transaction 657
TXN00668,2024-10-29,Cash Outflow,7569,Financing Activities,Transaction 668
TXN00829,2025-04-08,Cash Inflow,2928,Investing Activities,Transaction 829
TXN00456,2024-03-31,Cash Inflow,1981,Operating Activities,Transaction 456
TXN00733,2025-01-02,Cash Inflow,13739,Operating Activities,Transaction 733
TXN00019,2023-01-19,Cash Outflow,8915,Operating Activities,Transaction 19
TXN00168,2023-06-17,Cash Inflow,8652,Investing Activities,Transaction 168
TXN00754,2025-01-23,Cash Outflow,5733,Financing Activities,Transaction 754
TXN00557,2024-07-10,Cash Outflow,7319,Operating Activities,Transaction 557
TXN00906,2025-06-24,Cash Outflow,8857,Investing Activities,Transaction 906
TXN00674,2024-11-04,Cash Outflow,12192,Operating Activities,Transaction 674
TXN00333,2023-11-29,Cash Outflow,18749,Investing Activities,Transaction 333
TXN00665,2024-10-26,Cash Inflow,18655,Financing Activities,Transaction 665
TXN00397,2024-02-01,Cash Outflow,10024,Financing Activities,Transaction 397
TXN00738,2025-01-07,Cash Inflow,10252,Operating Activities,Transaction 738
TXN00957,2025-08-14,Cash Outflow,12153,Operating Activities,Transaction 957
TXN00183,2023-07-02,Cash Outflow,10295,Operating Activities,Transaction 183
TXN00820,2025-03-30,Cash Inflow,8573,Operating Activities,Transaction 820
TXN00953,2025-08-10,Cash Inflow,958,Financing Activities,Transaction 953
TXN00553,2024-07-06,Cash Inflow,18270,Investing Activities,Transaction 553
TXN00549,2024-07-02,Cash Outflow,19565,Financing Activities,Transaction 549
TXN00930,2025-07-18,Cash Inflow,14951,Investing Activities,Transaction 930
TXN00233,2023-08-21,Cash Outflow,14246,Financing Activities,Transaction 233
TXN00810,2025-03-20,Cash Inflow,17161,Investing Activities,Transaction 810
TXN00363,2023-12-29,Cash Inflow,10880,Financing Activities,Transaction 363
TXN00318,2023-11-14,Cash Inflow,5908,Financing Activities,Transaction 318
TXN00341,2023-12-07,Cash Inflow,19255,Operating Activities,Transaction 341
TXN00404,2024-02-08,Cash Inflow,10814,Investing Activities,Transaction 404
TXN00555,2024-07-08,Cash Inflow,12055,Financing Activities,Transaction 555
TXN00136,2023-05-16,Cash Inflow,19762,Financing Activities,Transaction 136
TXN00903,2025-06-21,Cash Outflow,17467,Operating Activities,Transaction 903
TXN00742,2025-01-11,Cash Outflow,1474,Operating Activities,Transaction 742
TXN00049,2023-02-18,Cash Outflow,5044,Investing Activities,Transaction 49
TXN00669,2024-10-30,Cash Inflow,17804,Operating Activities,Transaction 669
TXN00291,2023-10-18,Cash Inflow,14560,Investing Activities,Transaction 291
TXN00765,2025-02-03,Cash Inflow,7814,Financing Activities,Transaction 765
TXN00647,2024-10-08,Cash Inflow,9823,Operating Activities,Transaction 647
TXN00093,2023-04-03,Cash Outflow,8441,Investing Activities,Transaction 93
TXN00441,2024-03-16,Cash Inflow,10192,Investing Activities,Transaction 441
TXN00449,2024-03-24,Cash Inflow,11985,Investing Activities,Transaction 449
TXN00362,2023-12-28,Cash Inflow,10957,Investing Activities,Transaction 362
TXN00380,2024-01-15,Cash Inflow,4297,Investing Activities,Transaction 380
TXN00467,2024-04-11,Cash Outflow,11182,Investing Activities,Transaction 467
TXN00851,2025-04-30,Cash Inflow,12145,Operating Activities,Transaction 851
TXN00618,2024-09-09,Cash Outflow,9320,Investing Activities,Transaction 618
TXN00962,2025-08-19,Cash Inflow,4609,Operating Activities,Transaction 962
TXN00912,2025-06-30,Cash Inflow,4262,Investing Activities,Transaction 912
TXN00262,2023-09-19,Cash Outflow,19716,Operating Activities,Transaction 262
TXN00087,2023-03-28,Cash Outflow,19064,Operating Activities,Transaction 87
TXN00584,2024-08-06,Cash Outflow,12812,Operating Activities,Transaction 584
TXN00361,2023-12-27,Cash Outflow,2943,Operating Activities,Transaction 361
TXN00347,2023-12-13,Cash Inflow,7398,Operating Activities,Transaction 347
TXN00825,2025-04-04,Cash Outflow,2853,Investing Activities,Transaction 825
TXN00194,2023-07-13,Cash Inflow,16413,Financing Activities,Transaction 194
TXN00998,2025-09-24,Cash Outflow,9095,Financing Activities,Transaction 998
TXN00751,2025-01-20,Cash Outflow,3520,Financing Activities,Transaction 751
TXN00076,2023-03-17,Cash Outflow,7381,Financing Activities,Transaction 76
TXN00638,2024-09-29,Cash Inflow,13151,Investing Activities,Transaction 638
TXN00540,2024-06-23,Cash Outflow,16146,Operating Activities,Transaction 540
TXN00348,2023-12-14,Cash Outflow,10647,Investing Activities,Transaction 348
TXN00455,2024-03-30,Cash Inflow,5373,Investing Activities,Transaction 455
TXN00132,2023-05-12,Cash Inflow,5740,Investing Activities,Transaction 132
TXN00179,2023-06-28,Cash Inflow,6788,Operating Activities,Transaction 179
TXN00505,2024-05-19,Cash Inflow,1779,Investing Activities,Transaction 505
TXN00792,2025-03-02,Cash Outflow,10677,Investing Activities,Transaction 792
TXN00746,2025-01-15,Cash Outflow,5795,Operating Activities,Transaction 746
TXN00232,2023-08-20,Cash Outflow,15885,Operating Activities,Transaction 232
TXN00406,2024-02-10,Cash Outflow,9077,Investing Activities,Transaction 406
TXN00605,2024-08-27,Cash Inflow,2921,Investing Activities,Transaction 605
TXN00898,2025-06-16,Cash Outflow,6297,Financing Activities,Transaction 898
TXN00527,2024-06-10,Cash Inflow,9133,Investing Activities,Transaction 527
TXN00865,2025-05-14,Cash Outflow,16022,Financing Activities,Transaction 865
TXN00174,2023-06-23,Cash Outflow,18180,Investing Activities,Transaction 174
TXN00788,2025-02-26,Cash Outflow,4498,Operating Activities,Transaction 788
TXN00438,2024-03-13,Cash Outflow,1451,Operating Activities,Transaction 438
TXN00332,2023-11-28,Cash Inflow,14446,Operating Activities,Transaction 332
TXN00714,2024-12-14,Cash Outflow,1226,Financing Activities,Transaction 714
TXN00431,2024-03-06,Cash Inflow,17572,Operating Activities,Transaction 431
TXN00343,2023-12-09,Cash Inflow,4256,Investing Activities,Transaction 343
TXN00301,2023-10-28,Cash Inflow,5170,Investing Activities,Transaction 301
TXN00874,2025-05-23,Cash Inflow,17868,Financing Activities,Transaction 874
TXN00065,2023-03-06,Cash Inflow,5358,Investing Activities,Transaction 65
TXN00480,2024-04-24,Cash Outflow,12675,Financing Activities,Transaction 480
TXN00482,2024-04-26,Cash Outflow,15570,Investing Activities,Transaction 482
TXN00667,2024-10-28,Cash Outflow,4861,Operating Activities,Transaction 667
TXN00324,2023-11-20,Cash Outflow,1620,Operating Activities,Transaction 324
TXN00976,2025-09-02,Cash Outflow,5290,Financing Activities,Transaction 976
TXN00757,2025-01-26,Cash Outflow,17201,Operating Activities,Transaction 757
TXN00276,2023-10-03,Cash Outflow,5756,Operating Activities,Transaction 276
TXN00304,2023-10-31,Cash Outflow,19596,Operating Activities,Transaction 304
TXN00325,2023-11-21,Cash Outflow,11760,Investing Activities,Transaction 325
TXN00661,2024-10-22,Cash Outflow,18916,Financing Activities,Transaction 661
TXN00469,2024-04-13,Cash Inflow,9019,Investing Activities,Transaction 469
TXN00562,2024-07-15,Cash Inflow,8215,Financing Activities,Transaction 562
TXN00951,2025-08-08,Cash Inflow,14129,Investing Activities,Transaction 951
TXN00576,2024-07-29,Cash Outflow,2620,Operating Activities,Transaction 576
TXN00035,2023-02-04,Cash Outflow,18884,Operating Activities,Transaction 35
TXN00980,2025-09-06,Cash Outflow,16582,Investing Activities,Transaction 980
TXN00432,2024-03-07,Cash Outflow,4743,Financing Activities,Transaction 432
TXN00062,2023-03-03,Cash Inflow,17961,Financing Activities,Transaction 62
TXN00805,2025-03-15,Cash Outflow,13781,Operating Activities,Transaction 805
TXN00832,2025-04-11,Cash Inflow,14914,Investing Activities,Transaction 832
TXN00255,2023-09-12,Cash Inflow,7541,Operating Activities,Transaction 255
TXN00127,2023-05-07,Cash Outflow,19477,Financing Activities,Transaction 127
TXN00632,2024-09-23,Cash Outflow,1114,Investing Activities,Transaction 632
TXN00955,2025-08-12,Cash Inflow,707,Financing Activities,Transaction 955
TXN00971,2025-08-28,Cash Outflow,18150,Financing Activities,Transaction 971
TXN00934,2025-07-22,Cash Inflow,589,Financing Activities,Transaction 934
TXN00944,2025-08-01,Cash Inflow,17518,Operating Activities,Transaction 944
TXN00982,2025-09-08,Cash Outflow,5144,Operating Activities,Transaction 982
TXN00777,2025-02-15,Cash Inflow,17440,Financing Activities,Transaction 777
TXN00222,2023-08-10,Cash Inflow,9337,Financing Activities,Transaction 222
TXN00334,2023-11-30,Cash Inflow,11604,Financing Activities,Transaction 334
TXN00203,2023-07-22,Cash Inflow,4312,Financing Activities,Transaction 203
TXN00741,2025-01-10,Cash Inflow,7791,Investing Activities,Transaction 741
TXN00089,2023-03-30,Cash Outflow,7543,Financing Activities,Transaction 89
TXN00910,2025-06-28,Cash Outflow,17662,Investing Activities,Transaction 910
TXN00673,2024-11-03,Cash Outflow,2550,Financing Activities,Transaction 673
TXN00320,2023-11-16,Cash Outflow,1422,Investing Activities,Transaction 320
TXN00804,2025-03-14,Cash Inflow,9939,Operating Activities,Transaction 804
TXN00286,2023-10-13,Cash Inflow,16024,Operating Activities,Transaction 286
TXN00465,2024-04-09,Cash Outflow,11498,Financing Activities,Transaction 465
TXN00676,2024-11-06,Cash Inflow,2533,Financing Activities,Transaction 676
TXN00437,2024-03-12,Cash Outflow,2982,Investing Activities,Transaction 437
TXN00120,2023-04-30,Cash Inflow,5277,Operating Activities,Transaction 120
TXN00398,2024-02-02,Cash Outflow,6956,Operating Activities,Transaction 398
TXN00873,2025-05-22,Cash Outflow,7073,Financing Activities,Transaction 873
TXN00633,2024-09-24,Cash Inflow,9874,Financing Activities,Transaction 633
TXN00375,2024-01-10,Cash Inflow,9295,Financing Activities,Transaction 375
TXN00636,2024-09-27,Cash Outflow,17014,Operating Activities,Transaction 636
TXN00073,2023-03-14,Cash Inflow,5173,Operating Activities,Transaction 73
TXN00063,2023-03-04,Cash Inflow,8927,Financing Activities,Transaction 63
TXN00968,2025-08-25,Cash Outflow,12287,Investing Activities,Transaction 968
TXN00173,2023-06-22,Cash Inflow,18860,Investing Activities,Transaction 173
TXN00284,2023-10-11,Cash Inflow,8507,Operating Activities,Transaction 284
TXN00275,2023-10-02,Cash Inflow,4030,Financing Activities,Transaction 275
TXN01000,2025-09-26,Cash Inflow,13303,Operating Activities,Transaction 1000
TXN00622,2024-09-13,Cash Outflow,8507,Financing Activities,Transaction 622
TXN00083,2023-03-24,Cash Inflow,10050,Financing Activities,Transaction 83
TXN00770,2025-02-08,Cash Inflow,7424,Investing Activities,Transaction 770
TXN00614,2024-09-05,Cash Outflow,12682,Investing Activities,Transaction 614
TXN00917,2025-07-05,Cash Outflow,6291,Operating Activities,Transaction 917
TXN00270,2023-09-27,Cash Inflow,12719,Investing Activities,Transaction 270
TXN00424,2024-02-28,Cash Inflow,19597,Operating Activities,Transaction 424
TXN00281,2023-10-08,Cash Outflow,3891,Investing Activities,Transaction 281
TXN00596,2024-08-18,Cash Outflow,4140,Financing Activities,Transaction 596
TXN00507,2024-05-21,Cash Outflow,7583,Operating Activities,Transaction 507
TXN00542,2024-06-25,Cash Outflow,4763,Investing Activities,Transaction 542
TXN00659,2024-10-20,Cash Outflow,16871,Investing Activities,Transaction 659
TXN00547,2024-06-30,Cash Inflow,3469,Financing Activities,Transaction 547
TXN00702,2024-12-02,Cash Outflow,1889,Operating Activities,Transaction 702
TXN00501,2024-05-15,Cash Inflow,18439,Investing Activities,Transaction 501
TXN00612,2024-09-03,Cash Outflow,5306,Operating Activities,Transaction 612
TXN00995,2025-09-21,Cash Outflow,17042,Financing Activities,Transaction 995
TXN00550,2024-07-03,Cash Inflow,4129,Investing Activities,Transaction 550
TXN00558,2024-07-11,Cash Outflow,11546,Financing Activities,Transaction 558
TXN00961,2025-08-18,Cash Inflow,1014,Investing Activities,Transaction 961
TXN00603,2024-08-25,Cash Outflow,11844,Financing Activities,Transaction 603
TXN00443,2024-03-18,Cash Inflow,18949,Investing Activities,Transaction 443
TXN00407,2024-02-11,Cash Outflow,8570,Investing Activities,Transaction 407
TXN00219,2023-08-07,Cash Outflow,16889,Operating Activities,Transaction 219
TXN00251,2023-09-08,Cash Outflow,509,Investing Activities,Transaction 251
TXN00800,2025-03-10,Cash Inflow,5945,Operating Activities,Transaction 800
TXN00115,2023-04-25,Cash Inflow,4688,Investing Activities,Transaction 115
TXN00862,2025-05-11,Cash Inflow,17817,Financing Activities,Transaction 862
TXN00207,2023-07-26,Cash Outflow,6122,Financing Activities,Transaction 207
TXN00393,2024-01-28,Cash Outflow,5162,Operating Activities,Transaction 393
TXN00551,2024-07-04,Cash Inflow,3567,Investing Activities,Transaction 551
TXN00401,2024-02-05,Cash Outflow,8470,Financing Activities,Transaction 401
TXN00460,2024-04-04,Cash Inflow,8143,Investing Activities,Transaction 460
TXN00654,2024-10-15,Cash Inflow,16275,Operating Activities,Transaction 654
TXN00302,2023-10-29,Cash Inflow,19074,Financing Activities,Transaction 302
TXN00972,2025-08-29,Cash Inflow,5280,Financing Activities,Transaction 972
TXN00994,2025-09-20,Cash Outflow,14536,Financing Activities,Transaction 994
TXN00808,2025-03-18,Cash Inflow,2882,Financing Activities,Transaction 808
TXN00860,2025-05-09,Cash Inflow,13357,Operating Activities,Transaction 860
TXN00752,2025-01-21,Cash Inflow,9487,Operating Activities,Transaction 752
TXN00143,2023-05-23,Cash Outflow,555,Operating Activities,Transaction 143
TXN00442,2024-03-17,Cash Outflow,7811,Operating Activities,Transaction 442
TXN00516,2024-05-30,Cash Inflow,19652,Investing Activities,Transaction 516
TXN00579,2024-08-01,Cash Outflow,5636,Investing Activities,Transaction 579
TXN00191,2023-07-10,Cash Inflow,12699,Investing Activities,Transaction 191
TXN00818,2025-03-28,Cash Inflow,17924,Financing Activities,Transaction 818
TXN00001,2023-01-01,Cash Inflow,15337,Investing Activities,Transaction 1
TXN00124,2023-05-04,Cash Inflow,6876,Financing Activities,Transaction 124
TXN00660,2024-10-21,Cash Outflow,12816,Operating Activities,Transaction 660
TXN00201,2023-07-20,Cash Inflow,17760,Financing Activities,Transaction 201
TXN00858,2025-05-07,Cash Inflow,6126,Operating Activities,Transaction 858
TXN00047,2023-02-16,Cash Outflow,12838,Investing Activities,Transaction 47
TXN00785,2025-02-23,Cash Outflow,12200,Investing Activities,Transaction 785
TXN00248,2023-09-05,Cash Inflow,18910,Financing Activities,Transaction 248
TXN00483,2024-04-27,Cash Inflow,1322,Investing Activities,Transaction 483
TXN00970,2025-08-27,Cash Inflow,14112,Financing Activities,Transaction 970
TXN00272,2023-09-29,Cash Outflow,10661,Operating Activities,Transaction 272
TXN00724,2024-12-24,Cash Inflow,7787,Operating Activities,Transaction 724
TXN00966,2025-08-23,Cash Inflow,7679,Investing Activities,Transaction 966
TXN00651,2024-10-12,Cash Inflow,1045,Investing Activities,Transaction 651
TXN00620,2024-09-11,Cash Inflow,11622,Operating Activities,Transaction 620
TXN00273,2023-09-30,Cash Outflow,2408,Operating Activities,Transaction 273
TXN00662,2024-10-23,Cash Inflow,8936,Operating Activities,Transaction 662
TXN00176,2023-06-25,Cash Outflow,17009,Investing Activities,Transaction 176
TXN00279,2023-10-06,Cash Inflow,19444,Investing Activities,Transaction 279
TXN00075,2023-03-16,Cash Inflow,13551,Operating Activities,Transaction 75
TXN00992,2025-09-18,Cash Outflow,852,Financing Activities,Transaction 992
TXN00338,2023-12-04,Cash Inflow,8363,Investing Activities,Transaction 338
TXN00879,2025-05-28,Cash Inflow,9282,Financing Activities,Transaction 879
TXN00041,2023-02-10,Cash Inflow,11416,Investing Activities,Transaction 41
TXN00546,2024-06-29,Cash Outflow,12164,Financing Activities,Transaction 546
TXN00692,2024-11-22,Cash Outflow,8702,Operating Activities,Transaction 692
TXN00675,2024-11-05,Cash Outflow,1665,Operating Activities,Transaction 675
TXN00417,2024-02-21,Cash Inflow,12812,Investing Activities,Transaction 417
TXN00190,2023-07-09,Cash Outflow,8443,Operating Activities,Transaction 190
TXN00218,2023-08-06,Cash Inflow,5842,Operating Activities,Transaction 218
TXN00894,2025-06-12,Cash Inflow,14047,Investing Activities,Transaction 894
TXN00156,2023-06-05,Cash Outflow,5622,Investing Activities,Transaction 156
TXN00919,2025-07-07,Cash Outflow,9283,Operating Activities,Transaction 919
TXN00806,2025-03-16,Cash Outflow,1935,Financing Activities,Transaction 806
TXN00931,2025-07-19,Cash Inflow,17801,Operating Activities,Transaction 931
TXN00815,2025-03-25,Cash Outflow,18149,Investing Activities,Transaction 815
TXN00226,2023-08-14,Cash Outflow,14809,Financing Activities,Transaction 226
TXN00728,2024-12-28,Cash Inflow,2433,Investing Activities,Transaction 728
TXN00725,2024-12-25,Cash Inflow,1392,Financing Activities,Transaction 725
TXN00457,2024-04-01,Cash Outflow,10593,Investing Activities,Transaction 457
TXN00364,2023-12-30,Cash Outflow,8283,Financing Activities,Transaction 364
TXN00450,2024-03-25,Cash Outflow,6297,Investing Activities,Transaction 450
TXN00395,2024-01-30,Cash Inflow,3208,Investing Activities,Transaction 395
TXN00377,2024-01-12,Cash Outflow,7696,Financing Activities,Transaction 377
TXN00572,2024-07-25,Cash Inflow,15036,Financing Activities,Transaction 572
TXN00211,2023-07-30,Cash Inflow,14418,Operating Activities,Transaction 211
TXN00646,2024-10-07,Cash Inflow,14237,Operating Activities,Transaction 646
TXN00434,2024-03-09,Cash Outflow,10484,Operating Activities,Transaction 434
TXN00854,2025-05-03,Cash Inflow,6946,Operating Activities,Transaction 854
TXN00372,2024-01-07,Cash Outflow,14135,Operating Activities,Transaction 372
TXN00265,2023-09-22,Cash Inflow,14731,Financing Activities,Transaction 265
TXN00477,2024-04-21,Cash Inflow,10003,Investing Activities,Transaction 477
TXN00872,2025-05-21,Cash Outflow,2107,Investing Activities,Transaction 872
TXN00701,2024-12-01,Cash Outflow,4064,Operating Activities,Transaction 701
TXN00889,2025-06-07,Cash Outflow,15751,Investing Activities,Transaction 889
TXN00645,2024-10-06,Cash Outflow,16020,Operating Activities,Transaction 645
TXN00382,2024-01-17,Cash Outflow,14218,Operating Activities,Transaction 382
TXN00999,2025-09-25,Cash Outflow,15640,Financing Activities,Transaction 999
TXN00793,2025-03-03,Cash Inflow,10382,Financing Activities,Transaction 793
TXN00196,2023-07-15,Cash Outflow,19623,Investing Activities,Transaction 196
TXN00353,2023-12-19,Cash Inflow,14653,Financing Activities,Transaction 353
TXN00988,2025-09-14,Cash Outflow,13232,Operating Activities,Transaction 988
TXN00537,2024-06-20,Cash Outflow,17225,Operating Activities,Transaction 537
TXN00795,2025-03-05,Cash Inflow,2564,Operating Activities,Transaction 795
TXN00640,2024-10-01,Cash Outflow,7140,Investing Activities,Transaction 640
TXN00247,2023-09-04,Cash Inflow,7488,Financing Activities,Transaction 247
TXN00928,2025-07-16,Cash Outflow,12736,Investing Activities,Transaction 928
TXN00735,2025-01-04,Cash Outflow,18102,Financing Activities,Transaction 735
TXN00506,2024-05-20,Cash Inflow,13692,Investing Activities,Transaction 506
TXN00102,2023-04-12,Cash Outflow,6754,Financing Activities,Transaction 102
TXN00840,2025-04-19,Cash Inflow,3842,Financing Activities,Transaction 840
TXN00162,2023-06-11,Cash Inflow,8672,Operating Activities,Transaction 162
TXN00269,2023-09-26,Cash Inflow,18488,Financing Activities,Transaction 269
TXN00670,2024-10-31,Cash Inflow,3930,Operating Activities,Transaction 670
TXN00533,2024-06-16,Cash Inflow,13375,Operating Activities,Transaction 533
TXN00109,2023-04-19,Cash Outflow,13147,Operating Activities,Transaction 109
TXN00575,2024-07-28,Cash Inflow,2024,Financing Activities,Transaction 575
TXN00846,2025-04-25,Cash Inflow,14498,Investing Activities,Transaction 846
TXN00016,2023-01-16,Cash Inflow,5624,Financing Activities,Transaction 16
TXN00814,2025-03-24,Cash Outflow,13271,Operating Activities,Transaction 814
TXN00524,2024-06-07,Cash Inflow,18185,Operating Activities,Transaction 524
TXN00649,2024-10-10,Cash Outflow,12213,Operating Activities,Transaction 649
TXN00544,2024-06-27,Cash Outflow,15656,Financing Activities,Transaction 544
TXN00787,2025-02-25,Cash Inflow,10266,Operating Activities,Transaction 787
TXN00758,2025-01-27,Cash Inflow,2896,Investing Activities,Transaction 758
TXN00366,2024-01-01,Cash Inflow,17868,Investing Activities,Transaction 366
TXN00260,2023-09-17,Cash Inflow,1842,Operating Activities,Transaction 260
TXN00844,2025-04-23,Cash Inflow,17982,Operating Activities,Transaction 844
TXN00619,2024-09-10,Cash Inflow,4732,Operating Activities,Transaction 619
TXN00688,2024-11-18,Cash Inflow,12760,Financing Activities,Transaction 688
TXN00613,2024-09-04,Cash Outflow,9092,Investing Activities,Transaction 613
TXN00520,2024-06-03,Cash Outflow,3099,Financing Activities,Transaction 520
TXN00129,2023-05-09,Cash Outflow,14624,Financing Activities,Transaction 129
TXN00220,2023-08-08,Cash Inflow,9159,Operating Activities,Transaction 220
TXN00486,2024-04-30,Cash Outflow,6650,Financing Activities,Transaction 486
TXN00040,2023-02-09,Cash Inflow,4136,Investing Activities,Transaction 40
TXN00626,2024-09-17,Cash Outflow,7237,Operating Activities,Transaction 626
TXN00283,2023-10-10,Cash Outflow,6451,Operating Activities,Transaction 283
TXN00259,2023-09-16,Cash Outflow,9012,Financing Activities,Transaction 259
TXN00387,2024-01-22,Cash Inflow,2145,Operating Activities,Transaction 387
TXN00848,2025-04-27,Cash Outflow,3593,Investing Activities,Transaction 848
TXN00775,2025-02-13,Cash Outflow,2969,Operating Activities,Transaction 775
TXN00386,2024-01-21,Cash Outflow,3917,Financing Activities,Transaction 386
TXN00876,2025-05-25,Cash Inflow,4176,Operating Activities,Transaction 876
TXN00454,2024-03-29,Cash Outflow,13587,Financing Activities,Transaction 454
TXN00468,2024-04-12,Cash Inflow,16880,Financing Activities,Transaction 468
TXN00828,2025-04-07,Cash Outflow,12439,Operating Activities,Transaction 828
TXN00890,2025-06-08,Cash Inflow,1026,Financing Activities,Transaction 890
TXN00210,2023-07-29,Cash Inflow,11089,Financing Activities,Transaction 210
TXN00104,2023-04-14,Cash Outflow,7850,Investing Activities,Transaction 104
TXN00238,2023-08-26,Cash Outflow,4708,Operating Activities,Transaction 238
TXN00559,2024-07-12,Cash Outflow,18217,Financing Activities,Transaction 559
TXN00567,2024-07-20,Cash Outflow,16350,Investing Activities,Transaction 567
TXN00072,2023-03-13,Cash Outflow,12673,Investing Activities,Transaction 72
TXN00597,2024-08-19,Cash Inflow,1841,Investing Activities,Transaction 597
TXN00485,2024-04-29,Cash Inflow,14789,Operating Activities,Transaction 485
TXN00164,2023-06-13,Cash Outflow,7382,Operating Activities,Transaction 164
TXN00297,2023-10-24,Cash Outflow,12454,Operating Activities,Transaction 297
TXN00476,2024-04-20,Cash Outflow,2643,Financing Activities,Transaction 476
TXN00508,2024-05-22,Cash Inflow,11593,Investing Activities,Transaction 508
TXN00008,2023-01-08,Cash Inflow,13177,Investing Activities,Transaction 8
TXN00586,2024-08-08,Cash Inflow,12918,Financing Activities,Transaction 586
TXN00268,2023-09-25,Cash Outflow,8484,Investing Activities,Transaction 268
TXN00504,2024-05-18,Cash Outflow,13721,Investing Activities,Transaction 504
TXN00779,2025-02-17,Cash Outflow,3308,Investing Activities,Transaction 779
TXN00307,2023-11-03,Cash Outflow,11746,Financing Activities,Transaction 307
TXN00709,2024-12-09,Cash Outflow,14699,Investing Activities,Transaction 709
TXN00427,2024-03-02,Cash Inflow,6088,Investing Activities,Transaction 427
TXN00973,2025-08-30,Cash Inflow,18811,Investing Activities,Transaction 973
TXN00379,2024-01-14,Cash Outflow,3868,Investing Activities,Transaction 379
TXN00601,2024-08-23,Cash Inflow,12754,Investing Activities,Transaction 601
TXN00791,2025-03-01,Cash Outflow,794,Financing Activities,Transaction 791
TXN00436,2024-03-11,Cash Outflow,9681,Financing Activities,Transaction 436
TXN00985,2025-09-11,Cash Outflow,16502,Investing Activities,Transaction 985
TXN00774,2025-02-12,Cash Outflow,4238,Investing Activities,Transaction 774
TXN00227,2023-08-15,Cash Inflow,13734,Investing Activities,Transaction 227
TXN00554,2024-07-07,Cash Outflow,19750,Investing Activities,Transaction 554
TXN00097,2023-04-07,Cash Outflow,6769,Financing Activities,Transaction 97
TXN00044,2023-02-13,Cash Outflow,15944,Investing Activities,Transaction 44
TXN00254,2023-09-11,Cash Inflow,2719,Operating Activities,Transaction 254
TXN00760,2025-01-29,Cash Inflow,19629,Investing Activities,Transaction 760
TXN00940,2025-07-28,Cash Outflow,9578,Investing Activities,Transaction 940
TXN00447,2024-03-22,Cash Inflow,7145,Operating Activities,Transaction 447
TXN00881,2025-05-30,Cash Inflow,14497,Operating Activities,Transaction 881
TXN00026,2023-01-26,Cash Outflow,18517,Financing Activities,Transaction 26
TXN00796,2025-03-06,Cash Inflow,7509,Investing Activities,Transaction 796
TXN00058,2023-02-27,Cash Inflow,10857,Financing Activities,Transaction 58
TXN00680,2024-11-10,Cash Outflow,14786,Operating Activities,Transaction 680
TXN00381,2024-01-16,Cash Outflow,15614,Financing Activities,Transaction 381
TXN00782,2025-02-20,Cash Inflow,13213,Financing Activities,Transaction 782
TXN00604,2024-08-26,Cash Outflow,2250,Operating Activities,Transaction 604
TXN00628,2024-09-19,Cash Outflow,19303,Operating Activities,Transaction 628
TXN00726,2024-12-26,Cash Inflow,10722,Investing Activities,Transaction 726
TXN00079,2023-03-20,Cash Inflow,8517,Investing Activities,Transaction 79
TXN00213,2023-08-01,Cash Inflow,3090,Financing Activities,Transaction 213
TXN00744,2025-01-13,Cash Inflow,15163,Investing Activities,Transaction 744
TXN00376,2024-01-11,Cash Outflow,12141,Investing Activities,Transaction 376
TXN00655,2024-10-16,Cash Outflow,14419,Financing Activities,Transaction 655
TXN00214,2023-08-02,Cash Inflow,17947,Financing Activities,Transaction 214
TXN00884,2025-06-02,Cash Outflow,6559,Investing Activities,Transaction 884
TXN00878,2025-05-27,Cash Outflow,9211,Investing Activities,Transaction 878
TXN00068,2023-03-09,Cash Inflow,15754,Investing Activities,Transaction 68
TXN00383,2024-01-18,Cash Outflow,2292,Investing Activities,Transaction 383
TXN00154,2023-06-03,Cash Inflow,14123,Investing Activities,Transaction 154
TXN00532,2024-06-15,Cash Outflow,7684,Operating Activities,Transaction 532
TXN00277,2023-10-04,Cash Inflow,19519,Financing Activities,Transaction 277
TXN00391,2024-01-26,Cash Inflow,3572,Operating Activities,Transaction 391
TXN00032,2023-02-01,Cash Inflow,8675,Investing Activities,Transaction 32
TXN00561,2024-07-14,Cash Outflow,5353,Financing Activities,Transaction 561
TXN00831,2025-04-10,Cash Inflow,8313,Operating Activities,Transaction 831
TXN00243,2023-08-31,Cash Outflow,13107,Investing Activities,Transaction 243
TXN00704,2024-12-04,Cash Outflow,7774,Financing Activities,Transaction 704
TXN00611,2024-09-02,Cash Inflow,5373,Operating Activities,Transaction 611
TXN00650,2024-10-11,Cash Inflow,9002,Operating Activities,Transaction 650
TXN00571,2024-07-24,Cash Outflow,981,Operating Activities,Transaction 571
TXN00294,2023-10-21,Cash Outflow,11035,Financing Activities,Transaction 294
TXN00344,2023-12-10,Cash Outflow,16270,Operating Activities,Transaction 344
TXN00588,2024-08-10,Cash Inflow,8863,Investing Activities,Transaction 588
TXN00086,2023-03-27,Cash Inflow,10820,Operating Activities,Transaction 86
TXN00679,2024-11-09,Cash Outflow,8332,Operating Activities,Transaction 679
TXN00637,2024-09-28,Cash Inflow,3483,Investing Activities,Transaction 637
TXN00435,2024-03-10,Cash Outflow,2259,Financing Activities,Transaction 435
TXN00880,2025-05-29,Cash Inflow,17934,Investing Activities,Transaction 880
TXN00144,2023-05-24,Cash Outflow,13513,Financing Activities,Transaction 144
TXN00098,2023-04-08,Cash Outflow,4318,Operating Activities,Transaction 98
TXN00947,2025-08-04,Cash Inflow,7417,Investing Activities,Transaction 947
TXN00066,2023-03-07,Cash Outflow,10540,Financing Activities,Transaction 66
TXN00057,2023-02-26,Cash Outflow,17133,Operating Activities,Transaction 57
TXN00112,2023-04-22,Cash Inflow,18771,Investing Activities,Transaction 112
TXN00022,2023-01-22,Cash Inflow,4658,Investing Activities,Transaction 22
TXN00514,2024-05-28,Cash Outflow,16586,Investing Activities,Transaction 514
TXN00517,2024-05-31,Cash Outflow,3686,Investing Activities,Transaction 517
TXN00979,2025-09-05,Cash Outflow,7557,Operating Activities,Transaction 979
TXN00842,2025-04-21,Cash Outflow,3344,Investing Activities,Transaction 842
TXN00577,2024-07-30,Cash Inflow,15548,Investing Activities,Transaction 577
TXN00952,2025-08-09,Cash Outflow,2930,Financing Activities,Transaction 952
TXN00198,2023-07-17,Cash Outflow,2261,Operating Activities,Transaction 198
TXN00494,2024-05-08,Cash Outflow,9205,Investing Activities,Transaction 494
TXN00610,2024-09-01,Cash Outflow,14349,Operating Activities,Transaction 610
TXN00529,2024-06-12,Cash Outflow,9496,Investing Activities,Transaction 529
TXN00177,2023-06-26,Cash Inflow,15647,Financing Activities,Transaction 177
TXN00967,2025-08-24,Cash Inflow,10826,Investing Activities,Transaction 967
TXN00423,2024-02-27,Cash Outflow,5257,Financing Activities,Transaction 423
TXN00681,2024-11-11,Cash Outflow,3132,Investing Activities,Transaction 681
TXN00043,2023-02-12,Cash Outflow,13956,Financing Activities,Transaction 43
TXN00954,2025-08-11,Cash Outflow,13895,Investing Activities,Transaction 954
TXN00028,2023-01-28,Cash Outflow,7766,Investing Activities,Transaction 28
TXN00354,2023-12-20,Cash Outflow,11611,Investing Activities,Transaction 354
TXN00963,2025-08-20,Cash Outflow,13758,Financing Activities,Transaction 963
TXN00573,2024-07-26,Cash Inflow,653,Operating Activities,Transaction 573
TXN00664,2024-10-25,Cash Outflow,771,Operating Activities,Transaction 664
TXN00593,2024-08-15,Cash Inflow,7460,Investing Activities,Transaction 593
TXN00289,2023-10-16,Cash Inflow,8077,Financing Activities,Transaction 289
TXN00598,2024-08-20,Cash Inflow,12355,Investing Activities,Transaction 598
TXN00327,2023-11-23,Cash Inflow,2836,Operating Activities,Transaction 327
TXN00490,2024-05-04,Cash Inflow,3952,Investing Activities,Transaction 490
TXN00895,2025-06-13,Cash Outflow,18759,Financing Activities,Transaction 895
TXN00708,2024-12-08,Cash Outflow,11245,Investing Activities,Transaction 708
TXN00629,2024-09-20,Cash Inflow,19926,Investing Activities,Transaction 629
TXN00178,2023-06-27,Cash Inflow,5132,Operating Activities,Transaction 178
TXN00161,2023-06-10,Cash Inflow,2031,Financing Activities,Transaction 161
TXN00425,2024-02-29,Cash Outflow,10895,Financing Activities,Transaction 425
TXN00445,2024-03-20,Cash Outflow,5990,Investing Activities,Transaction 445
TXN00908,2025-06-26,Cash Inflow,9420,Financing Activities,Transaction 908
TXN00384,2024-01-19,Cash Inflow,11553,Operating Activities,Transaction 384
TXN00853,2025-05-02,Cash Inflow,1488,Financing Activities,Transaction 853
TXN00857,2025-05-06,Cash Inflow,2182,Investing Activities,Transaction 857
TXN00371,2024-01-06,Cash Outflow,15843,Financing Activities,Transaction 371
TXN00915,2025-07-03,Cash Outflow,11140,Operating Activities,Transaction 915
TXN00305,2023-11-01,Cash Outflow,2692,Operating Activities,Transaction 305
TXN00984,2025-09-10,Cash Inflow,3420,Investing Activities,Transaction 984
TXN00933,2025-07-21,Cash Inflow,16025,Operating Activities,Transaction 933
TXN00730,2024-12-30,Cash Outflow,12373,Operating Activities,Transaction 730
TXN00599,2024-08-21,Cash Outflow,838,Financing Activities,Transaction 599
TXN00131,2023-05-11,Cash Outflow,10988,Financing Activities,Transaction 131
TXN00581,2024-08-03,Cash Outflow,560,Operating Activities,Transaction 581
TXN00082,2023-03-23,Cash Outflow,18215,Operating Activities,Transaction 82
TXN00021,2023-01-21,Cash Outflow,15012,Operating Activities,Transaction 21
TXN00314,2023-11-10,Cash Inflow,8889,Investing Activities,Transaction 314
TXN00165,2023-06-14,Cash Outflow,2406,Operating Activities,Transaction 165
TXN00313,2023-11-09,Cash Outflow,2470,Operating Activities,Transaction 313
TXN00142,2023-05-22,Cash Inflow,17522,Investing Activities,Transaction 142
TXN00896,2025-06-14,Cash Outflow,2263,Operating Activities,Transaction 896
TXN00888,2025-06-06,Cash Outflow,19830,Operating Activities,Transaction 888
TXN00492,2024-05-06,Cash Inflow,14359,Financing Activities,Transaction 492
TXN00666,2024-10-27,Cash Inflow,11116,Operating Activities,Transaction 666
TXN00426,2024-03-01,Cash Inflow,16741,Investing Activities,Transaction 426
